"Response ID","Time Started","Date Submitted","Status","Language","SessionID","User Agent","It works in the latest releases of all major browsers.:An HTML element is labeled as ""Baseline widely available."" Select all that you think apply to this feature:","It works with assistive technologies (e.g. screen-readers, voice control, keyboard control, etc).:An HTML element is labeled as ""Baseline widely available."" Select all that you think apply to this feature:","It works in WebView (Android, iOS).:An HTML element is labeled as ""Baseline widely available."" Select all that you think apply to this feature:","It was available in major browsers a year ago.:An HTML element is labeled as ""Baseline widely available."" Select all that you think apply to this feature:","None of the above.:An HTML element is labeled as ""Baseline widely available."" Select all that you think apply to this feature:","I don't know what Baseline is.:An HTML element is labeled as ""Baseline widely available."" Select all that you think apply to this feature:","I know Baseline, but I'm not sure what ""Widely Available"" means.:An HTML element is labeled as ""Baseline widely available."" Select all that you think apply to this feature:"
"6","Apr 30, 2026 6:28:19 am","Apr 30, 2026 6:28:19 am","Complete","English","1777555692_69f358ecf1c9f0.88539407","","","","","","None of the above.","",""
"7","May 3, 2026 5:39:12 pm","May 3, 2026 5:39:12 pm","Complete","English","1777855085_69f7ea6d313cb3.04173447","","It works in the latest releases of all major browsers.","It works with assistive technologies (e.g. screen-readers, voice control, keyboard control, etc).","It works in WebView (Android, iOS).","It was available in major browsers a year ago.","","",""
"8","May 3, 2026 8:57:04 pm","May 3, 2026 8:57:04 pm","Complete","English","1777867004_69f818fcab0db1.76239957","","","","","","","",""
"9","May 3, 2026 9:03:51 pm","May 3, 2026 9:03:51 pm","Complete","English","1777866646_69f817960bea88.25450381","","It works in the latest releases of all major browsers.","","","","","",""
"10","May 3, 2026 9:18:16 pm","May 3, 2026 9:18:16 pm","Complete","English","1777868282_69f81dfa2ea6b7.72154135","","It works in the latest releases of all major browsers.","It works with assistive technologies (e.g. screen-readers, voice control, keyboard control, etc).","It works in WebView (Android, iOS).","It was available in major browsers a year ago.","","",""
"11","May 3, 2026 9:44:19 pm","May 3, 2026 9:44:19 pm","Complete","English","1777869804_69f823ec787c23.16348625","","It works in the latest releases of all major browsers.","","It works in WebView (Android, iOS).","","","",""
"12","May 3, 2026 10:12:09 pm","May 3, 2026 10:12:09 pm","Complete","English","1777871478_69f82a76765e20.35253540","","It works in the latest releases of all major browsers.","It works with assistive technologies (e.g. screen-readers, voice control, keyboard control, etc).","It works in WebView (Android, iOS).","It was available in major browsers a year ago.","","",""
"13","May 3, 2026 11:44:54 pm","May 3, 2026 11:44:54 pm","Complete","English","1777877040_69f84030073e96.16754744","","It works in the latest releases of all major browsers.","It works with assistive technologies (e.g. screen-readers, voice control, keyboard control, etc).","It works in WebView (Android, iOS).","It was available in major browsers a year ago.","","I don't know what Baseline is.",""
"14","May 4, 2026 12:42:34 am","May 4, 2026 12:42:34 am","Complete","English","1777880513_69f84dc118e5b1.46987590","","It works in the latest releases of all major browsers.","It works with assistive technologies (e.g. screen-readers, voice control, keyboard control, etc).","","It was available in major browsers a year ago.","","",""
"15","May 4, 2026 1:13:47 am","May 4, 2026 1:13:47 am","Complete","English","1777882387_69f85513066b11.44115210","","It works in the latest releases of all major browsers.","","","It was available in major browsers a year ago.","","",""
"16","May 4, 2026 1:18:01 am","May 4, 2026 1:18:01 am","Complete","English","1777882642_69f85612927e40.46346312","","It works in the latest releases of all major browsers.","","","It was available in major browsers a year ago.","","","I know Baseline, but I'm not sure what ""Widely Available"" means."
"17","May 4, 2026 1:19:44 am","May 4, 2026 1:19:44 am","Complete","English","1777882716_69f8565c41ccb6.20933775","","It works in the latest releases of all major browsers.","It works with assistive technologies (e.g. screen-readers, voice control, keyboard control, etc).","It works in WebView (Android, iOS).","","","",""
"18","May 4, 2026 1:52:15 am","May 4, 2026 1:52:15 am","Complete","English","1777884700_69f85e1c1a40d8.19069878","","It works in the latest releases of all major browsers.","","","","","",""
"19","May 4, 2026 2:01:59 am","May 4, 2026 2:01:59 am","Complete","English","1777885294_69f8606ea7fb61.37943335","","It works in the latest releases of all major browsers.","","","","","",""
"20","May 4, 2026 2:21:17 am","May 4, 2026 2:21:17 am","Complete","English","1777886412_69f864cc140f05.59762140","","It works in the latest releases of all major browsers.","It works with assistive technologies (e.g. screen-readers, voice control, keyboard control, etc).","","","","",""
"21","May 4, 2026 2:54:49 am","May 4, 2026 2:54:49 am","Complete","English","1777888450_69f86cc25cc030.63486826","","It works in the latest releases of all major browsers.","","","It was available in major browsers a year ago.","","",""
"22","May 4, 2026 3:01:08 am","May 4, 2026 3:01:08 am","Complete","English","1777888831_69f86e3f3fa6f9.72205856","","It works in the latest releases of all major browsers.","","","It was available in major browsers a year ago.","","",""
"23","May 4, 2026 3:07:12 am","May 4, 2026 3:07:12 am","Complete","English","1777889197_69f86fad724774.58959130","","It works in the latest releases of all major browsers.","","It works in WebView (Android, iOS).","","","",""
"24","May 4, 2026 4:20:11 am","May 4, 2026 4:20:11 am","Complete","English","1777893588_69f880d4d69bd7.28188556","","It works in the latest releases of all major browsers.","It works with assistive technologies (e.g. screen-readers, voice control, keyboard control, etc).","It works in WebView (Android, iOS).","","","",""
"25","May 4, 2026 4:28:33 am","May 4, 2026 4:28:33 am","Complete","English","1777894081_69f882c18b1128.68361033","","It works in the latest releases of all major browsers.","","","It was available in major browsers a year ago.","","","I know Baseline, but I'm not sure what ""Widely Available"" means."
"26","May 4, 2026 4:48:31 am","May 4, 2026 4:48:31 am","Complete","English","1777895271_69f88767a82875.62803477","","It works in the latest releases of all major browsers.","","It works in WebView (Android, iOS).","","","",""
"27","May 4, 2026 5:12:30 am","May 4, 2026 5:12:30 am","Complete","English","1777896672_69f88ce03eeec6.42623703","","It works in the latest releases of all major browsers.","It works with assistive technologies (e.g. screen-readers, voice control, keyboard control, etc).","It works in WebView (Android, iOS).","","","",""
"28","May 4, 2026 5:44:26 am","May 4, 2026 5:44:26 am","Complete","English","1777898646_69f89496353c51.90972076","","It works in the latest releases of all major browsers.","","","It was available in major browsers a year ago.","","",""
"29","May 4, 2026 5:51:40 am","May 4, 2026 5:51:40 am","Complete","English","1777899046_69f89626b9c620.37958886","","It works in the latest releases of all major browsers.","","It works in WebView (Android, iOS).","It was available in major browsers a year ago.","","",""
"30","May 4, 2026 5:52:38 am","May 4, 2026 5:52:38 am","Complete","English","1777899088_69f89650216ae2.42722062","","It works in the latest releases of all major browsers.","It works with assistive technologies (e.g. screen-readers, voice control, keyboard control, etc).","It works in WebView (Android, iOS).","It was available in major browsers a year ago.","","",""
"31","May 4, 2026 7:52:24 am","May 4, 2026 7:52:24 am","Complete","English","1777906256_69f8b2509c25d5.05282216","","It works in the latest releases of all major browsers.","","It works in WebView (Android, iOS).","It was available in major browsers a year ago.","","",""
"32","May 4, 2026 8:58:22 am","May 4, 2026 8:58:22 am","Complete","English","1777910272_69f8c2006304e8.63172723","","It works in the latest releases of all major browsers.","It works with assistive technologies (e.g. screen-readers, voice control, keyboard control, etc).","","","","",""
"33","May 4, 2026 9:14:45 am","May 4, 2026 9:14:45 am","Complete","English","1777911249_69f8c5d17f0676.75399260","","It works in the latest releases of all major browsers.","","","","","",""
"34","May 4, 2026 9:27:12 am","May 4, 2026 9:27:12 am","Complete","English","1777911852_69f8c82c4efdf3.24321671","","It works in the latest releases of all major browsers.","","It works in WebView (Android, iOS).","It was available in major browsers a year ago.","","",""
"35","May 4, 2026 9:45:20 am","May 4, 2026 9:45:20 am","Complete","English","1777913092_69f8cd04971fa6.90793394","","It works in the latest releases of all major browsers.","It works with assistive technologies (e.g. screen-readers, voice control, keyboard control, etc).","It works in WebView (Android, iOS).","It was available in major browsers a year ago.","","",""
"36","May 4, 2026 10:12:12 am","May 4, 2026 10:12:12 am","Complete","English","1777914701_69f8d34d2db552.37948288","","It works in the latest releases of all major browsers.","","","","","",""
"37","May 4, 2026 11:18:54 am","May 4, 2026 11:18:54 am","Complete","English","1777918693_69f8e2e5bf9e24.67764246","","It works in the latest releases of all major browsers.","It works with assistive technologies (e.g. screen-readers, voice control, keyboard control, etc).","","It was available in major browsers a year ago.","","I don't know what Baseline is.",""
"38","May 4, 2026 12:24:54 pm","May 4, 2026 12:24:54 pm","Complete","English","1777922667_69f8f26bc37a83.35071162","","It works in the latest releases of all major browsers.","","","","","",""
"39","May 4, 2026 12:32:06 pm","May 4, 2026 12:32:06 pm","Complete","English","1777923112_69f8f428665838.06374634","","It works in the latest releases of all major browsers.","","It works in WebView (Android, iOS).","","","",""
"40","May 4, 2026 12:36:20 pm","May 4, 2026 12:36:20 pm","Complete","English","1777923309_69f8f4ed828d30.08846239","","It works in the latest releases of all major browsers.","It works with assistive technologies (e.g. screen-readers, voice control, keyboard control, etc).","","","","I don't know what Baseline is.",""
"41","May 4, 2026 2:03:56 pm","May 4, 2026 2:03:56 pm","Complete","English","1777928604_69f9099c723fd9.82248666","","It works in the latest releases of all major browsers.","","","","","",""
"42","May 4, 2026 3:12:09 pm","May 4, 2026 3:12:09 pm","Complete","English","1777932627_69f91953c913d0.71703380","","It works in the latest releases of all major browsers.","It works with assistive technologies (e.g. screen-readers, voice control, keyboard control, etc).","It works in WebView (Android, iOS).","It was available in major browsers a year ago.","","",""
"43","May 4, 2026 3:27:54 pm","May 4, 2026 3:27:54 pm","Complete","English","1777933662_69f91d5ea1a226.79856826","","It works in the latest releases of all major browsers.","It works with assistive technologies (e.g. screen-readers, voice control, keyboard control, etc).","","","","",""
"44","May 4, 2026 4:15:31 pm","May 4, 2026 4:15:31 pm","Complete","English","1777936478_69f9285ee83089.64819187","","It works in the latest releases of all major browsers.","","","It was available in major browsers a year ago.","","",""
"45","May 4, 2026 10:56:47 pm","May 4, 2026 10:56:47 pm","Complete","English","1777960565_69f9867523d267.88468734","","It works in the latest releases of all major browsers.","","It works in WebView (Android, iOS).","It was available in major browsers a year ago.","","",""
"46","May 4, 2026 11:58:43 pm","May 4, 2026 11:58:43 pm","Complete","English","1777964256_69f994e0ab9d41.86132570","","It works in the latest releases of all major browsers.","","It works in WebView (Android, iOS).","","","","I know Baseline, but I'm not sure what ""Widely Available"" means."
"47","May 5, 2026 12:29:20 am","May 5, 2026 12:29:20 am","Complete","English","1777966142_69f99c3e863385.11748295","","","","It works in WebView (Android, iOS).","","","",""
"48","May 5, 2026 12:33:50 am","May 5, 2026 12:33:50 am","Complete","English","1777966383_69f99d2fb210f7.63552850","","It works in the latest releases of all major browsers.","","","It was available in major browsers a year ago.","","I don't know what Baseline is.",""
"49","May 5, 2026 12:58:15 am","May 5, 2026 12:58:15 am","Complete","English","1777967807_69f9a2bf9cb687.72030705","","It works in the latest releases of all major browsers.","It works with assistive technologies (e.g. screen-readers, voice control, keyboard control, etc).","It works in WebView (Android, iOS).","","","",""
"50","May 5, 2026 1:04:48 am","May 5, 2026 1:04:48 am","Complete","English","1777968258_69f9a4828a4ec1.87269599","","It works in the latest releases of all major browsers.","It works with assistive technologies (e.g. screen-readers, voice control, keyboard control, etc).","It works in WebView (Android, iOS).","It was available in major browsers a year ago.","","",""
"51","May 5, 2026 1:15:11 am","May 5, 2026 1:15:11 am","Complete","English","1777968803_69f9a6a3898934.13045781","","It works in the latest releases of all major browsers.","","It works in WebView (Android, iOS).","","","",""
"52","May 5, 2026 1:37:36 am","May 5, 2026 1:37:36 am","Complete","English","1777970225_69f9ac3142c948.58494885","","","","","","","I don't know what Baseline is.",""
"53","May 5, 2026 1:59:06 am","May 5, 2026 1:59:06 am","Complete","English","1777971523_69f9b143e375c2.53745057","","It works in the latest releases of all major browsers.","","","","","",""
"54","May 5, 2026 1:59:43 am","May 5, 2026 1:59:43 am","Complete","English","1777971526_69f9b1466acbc0.68268498","","It works in the latest releases of all major browsers.","","","","","",""
"55","May 5, 2026 2:42:10 am","May 5, 2026 2:42:10 am","Complete","English","1777974074_69f9bb3a10c566.62276155","","It works in the latest releases of all major browsers.","It works with assistive technologies (e.g. screen-readers, voice control, keyboard control, etc).","It works in WebView (Android, iOS).","It was available in major browsers a year ago.","","",""
"56","May 5, 2026 2:45:53 am","May 5, 2026 2:45:53 am","Complete","English","1777974305_69f9bc21725ee9.13883158","","It works in the latest releases of all major browsers.","","It works in WebView (Android, iOS).","It was available in major browsers a year ago.","","",""
"57","May 5, 2026 3:40:51 am","May 5, 2026 3:40:51 am","Complete","English","1777977628_69f9c91cd9ff11.49127515","","It works in the latest releases of all major browsers.","","It works in WebView (Android, iOS).","It was available in major browsers a year ago.","","",""
"58","May 5, 2026 4:31:43 am","May 5, 2026 4:31:43 am","Complete","English","1777980672_69f9d5002c71d2.13695700","","It works in the latest releases of all major browsers.","It works with assistive technologies (e.g. screen-readers, voice control, keyboard control, etc).","It works in WebView (Android, iOS).","","","",""
"59","May 5, 2026 5:31:59 am","May 5, 2026 5:31:59 am","Complete","English","1777984280_69f9e318788235.00969129","","It works in the latest releases of all major browsers.","","It works in WebView (Android, iOS).","It was available in major browsers a year ago.","","",""
"60","May 5, 2026 6:19:32 am","May 5, 2026 6:19:32 am","Complete","English","1777987124_69f9ee343f92f0.24260527","","It works in the latest releases of all major browsers.","","","","","",""
"61","May 5, 2026 7:17:42 am","May 5, 2026 7:17:42 am","Complete","English","1777990592_69f9fbc0b9f844.76095704","","It works in the latest releases of all major browsers.","It works with assistive technologies (e.g. screen-readers, voice control, keyboard control, etc).","It works in WebView (Android, iOS).","It was available in major browsers a year ago.","","I don't know what Baseline is.",""
"62","May 5, 2026 9:53:18 am","May 5, 2026 9:53:18 am","Complete","English","1777999954_69fa2052582201.44110345","","It works in the latest releases of all major browsers.","","","","","",""
"63","May 5, 2026 9:53:49 am","May 5, 2026 9:53:49 am","Complete","English","1778000009_69fa2089ada922.59231620","","It works in the latest releases of all major browsers.","","","","","",""
"64","May 5, 2026 10:05:27 am","May 5, 2026 10:05:27 am","Complete","English","1778000712_69fa2348a74406.15567035","","","","","","None of the above.","I don't know what Baseline is.","I know Baseline, but I'm not sure what ""Widely Available"" means."
"65","May 5, 2026 10:21:15 am","May 5, 2026 10:21:15 am","Complete","English","1778001655_69fa26f7316de8.80155370","","It works in the latest releases of all major browsers.","It works with assistive technologies (e.g. screen-readers, voice control, keyboard control, etc).","It works in WebView (Android, iOS).","It was available in major browsers a year ago.","","",""
"66","May 5, 2026 10:27:18 am","May 5, 2026 10:27:18 am","Complete","English","1778001993_69fa284965f992.54685876","","It works in the latest releases of all major browsers.","","","","","",""
"67","May 5, 2026 10:37:15 am","May 5, 2026 10:37:15 am","Complete","English","1778002566_69fa2a860de9a1.02919095","","It works in the latest releases of all major browsers.","It works with assistive technologies (e.g. screen-readers, voice control, keyboard control, etc).","It works in WebView (Android, iOS).","It was available in major browsers a year ago.","","",""
"68","May 5, 2026 11:32:38 am","May 5, 2026 11:32:38 am","Complete","English","1778005888_69fa3780ea8863.09483479","","It works in the latest releases of all major browsers.","","It works in WebView (Android, iOS).","It was available in major browsers a year ago.","","",""
"69","May 5, 2026 11:54:57 am","May 5, 2026 11:54:57 am","Complete","English","1778007286_69fa3cf60f9582.31199362","","It works in the latest releases of all major browsers.","","","It was available in major browsers a year ago.","","",""
"70","May 5, 2026 12:45:42 pm","May 5, 2026 12:45:42 pm","Complete","English","1778010321_69fa48d14f6221.97387085","","It works in the latest releases of all major browsers.","","It works in WebView (Android, iOS).","It was available in major browsers a year ago.","","",""
"71","May 5, 2026 1:18:08 pm","May 5, 2026 1:18:08 pm","Complete","English","1778012260_69fa5064b981c5.83259512","","It works in the latest releases of all major browsers.","","","","","",""
"72","May 5, 2026 1:55:14 pm","May 5, 2026 1:55:14 pm","Complete","English","1778014482_69fa5912982670.94763955","","It works in the latest releases of all major browsers.","","It works in WebView (Android, iOS).","It was available in major browsers a year ago.","","",""
"73","May 5, 2026 2:07:54 pm","May 5, 2026 2:07:54 pm","Complete","English","1778015245_69fa5c0d800720.56889872","","It works in the latest releases of all major browsers.","It works with assistive technologies (e.g. screen-readers, voice control, keyboard control, etc).","It works in WebView (Android, iOS).","It was available in major browsers a year ago.","","",""
"74","May 5, 2026 2:42:12 pm","May 5, 2026 2:42:12 pm","Complete","English","1778017298_69fa64128a23d5.93432763","","It works in the latest releases of all major browsers.","","","","","I don't know what Baseline is.",""
"75","May 5, 2026 3:20:04 pm","May 5, 2026 3:20:04 pm","Complete","English","1778019558_69fa6ce6520942.14800156","","It works in the latest releases of all major browsers.","It works with assistive technologies (e.g. screen-readers, voice control, keyboard control, etc).","It works in WebView (Android, iOS).","","","",""
"76","May 5, 2026 4:48:27 pm","May 5, 2026 4:48:27 pm","Complete","English","1778024816_69fa81708df7f0.83245685","","It works in the latest releases of all major browsers.","It works with assistive technologies (e.g. screen-readers, voice control, keyboard control, etc).","It works in WebView (Android, iOS).","It was available in major browsers a year ago.","","",""
"77","May 5, 2026 5:45:51 pm","May 5, 2026 5:45:51 pm","Complete","English","1778028297_69fa8f09cee662.82693736","","It works in the latest releases of all major browsers.","","","","","",""
"78","May 5, 2026 6:36:44 pm","May 5, 2026 6:36:44 pm","Complete","English","1778031314_69fa9ad28791c6.28816029","","It works in the latest releases of all major browsers.","","","","","I don't know what Baseline is.",""
"79","May 5, 2026 7:01:50 pm","May 5, 2026 7:01:50 pm","Complete","English","1778032695_69faa03741c944.08712866","","It works in the latest releases of all major browsers.","","","","","",""
"80","May 5, 2026 7:36:54 pm","May 5, 2026 7:36:54 pm","Complete","English","1778034952_69faa9089c10f7.99048075","","It works in the latest releases of all major browsers.","","","","","",""
"81","May 5, 2026 7:56:10 pm","May 5, 2026 7:56:10 pm","Complete","English","1778036137_69faada905b8f2.07696839","","It works in the latest releases of all major browsers.","It works with assistive technologies (e.g. screen-readers, voice control, keyboard control, etc).","","","","",""
"82","May 5, 2026 8:16:01 pm","May 5, 2026 8:16:01 pm","Complete","English","1778037337_69fab2595e9d97.83881999","","It works in the latest releases of all major browsers.","","","","","",""
"83","May 5, 2026 8:35:28 pm","May 5, 2026 8:35:28 pm","Complete","English","1778038460_69fab6bc958391.06559220","","It works in the latest releases of all major browsers.","It works with assistive technologies (e.g. screen-readers, voice control, keyboard control, etc).","","It was available in major browsers a year ago.","","",""
"84","May 5, 2026 9:09:52 pm","May 5, 2026 9:09:52 pm","Complete","English","1778040569_69fabef9befc25.98530100","","It works in the latest releases of all major browsers.","It works with assistive technologies (e.g. screen-readers, voice control, keyboard control, etc).","","It was available in major browsers a year ago.","","",""
"85","May 5, 2026 11:31:40 pm","May 5, 2026 11:31:40 pm","Complete","English","1778049037_69fae00d6d3db4.33318844","","It works in the latest releases of all major browsers.","","It works in WebView (Android, iOS).","It was available in major browsers a year ago.","","",""
"86","May 6, 2026 12:33:27 am","May 6, 2026 12:33:27 am","Complete","English","1778052785_69faeeb15df177.02077841","","It works in the latest releases of all major browsers.","It works with assistive technologies (e.g. screen-readers, voice control, keyboard control, etc).","It works in WebView (Android, iOS).","It was available in major browsers a year ago.","","",""
"87","May 6, 2026 12:54:23 am","May 6, 2026 12:54:23 am","Complete","English","1778053986_69faf362069237.39811762","","It works in the latest releases of all major browsers.","It works with assistive technologies (e.g. screen-readers, voice control, keyboard control, etc).","","It was available in major browsers a year ago.","","",""
"88","May 6, 2026 1:33:25 am","May 6, 2026 1:33:25 am","Complete","English","1778056379_69fafcbbdb68e0.51757436","","It works in the latest releases of all major browsers.","It works with assistive technologies (e.g. screen-readers, voice control, keyboard control, etc).","","","","",""
"89","May 6, 2026 2:02:25 am","May 6, 2026 2:02:25 am","Complete","English","1778058095_69fb036fbaebe9.00347818","","It works in the latest releases of all major browsers.","","","It was available in major browsers a year ago.","","",""
"90","May 6, 2026 3:46:20 am","May 6, 2026 3:46:20 am","Complete","English","1778064167_69fb1b27f04494.74285848","","","","","","None of the above.","",""
"91","May 6, 2026 3:57:49 am","May 6, 2026 3:57:49 am","Complete","English","1778065048_69fb1e98b93f91.99347452","","It works in the latest releases of all major browsers.","","It works in WebView (Android, iOS).","","None of the above.","","I know Baseline, but I'm not sure what ""Widely Available"" means."
"92","May 6, 2026 4:58:18 am","May 6, 2026 4:58:18 am","Complete","English","1778068690_69fb2cd2125411.80753598","","","","","","","I don't know what Baseline is.",""
"93","May 6, 2026 5:00:15 am","May 6, 2026 5:00:15 am","Complete","English","1778068695_69fb2cd75feb89.98110814","","It works in the latest releases of all major browsers.","","","It was available in major browsers a year ago.","","",""
"94","May 6, 2026 5:26:43 am","May 6, 2026 5:26:43 am","Complete","English","1778070335_69fb333f6695b8.82636599","","It works in the latest releases of all major browsers.","","","","","",""
"95","May 6, 2026 5:28:14 am","May 6, 2026 5:28:14 am","Complete","English","1778070297_69fb3319260579.88152279","","It works in the latest releases of all major browsers.","","It works in WebView (Android, iOS).","It was available in major browsers a year ago.","","",""
"96","May 6, 2026 5:41:13 am","May 6, 2026 5:41:13 am","Complete","English","1778071255_69fb36d775efd8.17776695","","It works in the latest releases of all major browsers.","It works with assistive technologies (e.g. screen-readers, voice control, keyboard control, etc).","It works in WebView (Android, iOS).","","None of the above.","I don't know what Baseline is.","I know Baseline, but I'm not sure what ""Widely Available"" means."
"97","May 6, 2026 5:44:42 am","May 6, 2026 5:44:42 am","Complete","English","1778071459_69fb37a37f3452.70066746","","It works in the latest releases of all major browsers.","","","It was available in major browsers a year ago.","","",""
"98","May 6, 2026 5:59:02 am","May 6, 2026 5:59:02 am","Complete","English","1778072295_69fb3ae7b29ed3.43404327","","It works in the latest releases of all major browsers.","","It works in WebView (Android, iOS).","It was available in major browsers a year ago.","","",""
"99","May 6, 2026 6:05:00 am","May 6, 2026 6:05:00 am","Complete","English","1778072678_69fb3c66c2e557.68403950","","It works in the latest releases of all major browsers.","","It works in WebView (Android, iOS).","It was available in major browsers a year ago.","","",""
"100","May 6, 2026 6:10:20 am","May 6, 2026 6:10:20 am","Complete","English","1778072948_69fb3d749ffee4.40047988","","It works in the latest releases of all major browsers.","","","It was available in major browsers a year ago.","","",""
"101","May 6, 2026 7:14:57 am","May 6, 2026 7:14:57 am","Complete","English","1778076837_69fb4ca5546e35.38282198","","","","","It was available in major browsers a year ago.","","",""
"102","May 6, 2026 7:27:24 am","May 6, 2026 7:27:24 am","Complete","English","1778077567_69fb4f7f1ef8f8.80678118","","It works in the latest releases of all major browsers.","","","","","",""
"103","May 6, 2026 8:54:47 am","May 6, 2026 8:54:47 am","Complete","English","1778082865_69fb6431dbfb23.19609526","","It works in the latest releases of all major browsers.","","","It was available in major browsers a year ago.","","",""
"104","May 6, 2026 9:06:12 am","May 6, 2026 9:06:12 am","Complete","English","1778083542_69fb66d621f6b8.69281259","","It works in the latest releases of all major browsers.","","","It was available in major browsers a year ago.","","",""
"105","May 6, 2026 9:07:57 am","May 6, 2026 9:07:57 am","Complete","English","1778083614_69fb671e9c8e91.81845561","","It works in the latest releases of all major browsers.","","It works in WebView (Android, iOS).","It was available in major browsers a year ago.","","",""
"106","May 6, 2026 10:12:10 am","May 6, 2026 10:12:10 am","Complete","English","1778087501_69fb764d1b09f7.20693464","","It works in the latest releases of all major browsers.","","","","","",""
"107","May 6, 2026 12:05:33 pm","May 6, 2026 12:05:33 pm","Complete","English","1778094296_69fb90d8a8be54.03885655","","It works in the latest releases of all major browsers.","It works with assistive technologies (e.g. screen-readers, voice control, keyboard control, etc).","It works in WebView (Android, iOS).","It was available in major browsers a year ago.","","",""
"108","May 6, 2026 12:18:48 pm","May 6, 2026 12:18:48 pm","Complete","English","1778095098_69fb93fa4dfbc2.05580421","","It works in the latest releases of all major browsers.","It works with assistive technologies (e.g. screen-readers, voice control, keyboard control, etc).","It works in WebView (Android, iOS).","It was available in major browsers a year ago.","","",""
"109","May 6, 2026 12:53:36 pm","May 6, 2026 12:53:36 pm","Complete","English","1778097122_69fb9be21b8c76.16705791","","It works in the latest releases of all major browsers.","It works with assistive technologies (e.g. screen-readers, voice control, keyboard control, etc).","It works in WebView (Android, iOS).","","","",""
"110","May 6, 2026 1:03:50 pm","May 6, 2026 1:03:50 pm","Complete","English","1778097811_69fb9e93541d93.25112200","","It works in the latest releases of all major browsers.","","","","","",""
"111","May 6, 2026 1:29:30 pm","May 6, 2026 1:29:30 pm","Complete","English","1778099350_69fba4961fecc9.23039831","","","","","","","I don't know what Baseline is.",""
"112","May 6, 2026 3:36:22 pm","May 6, 2026 3:36:22 pm","Complete","English","1778106949_69fbc2457c5e89.32438228","","","","","","","","I know Baseline, but I'm not sure what ""Widely Available"" means."
"113","May 6, 2026 5:58:04 pm","May 6, 2026 5:58:04 pm","Complete","English","1778115469_69fbe38d2c7fc5.65883708","","It works in the latest releases of all major browsers.","It works with assistive technologies (e.g. screen-readers, voice control, keyboard control, etc).","It works in WebView (Android, iOS).","It was available in major browsers a year ago.","None of the above.","I don't know what Baseline is.","I know Baseline, but I'm not sure what ""Widely Available"" means."
"114","May 6, 2026 6:53:53 pm","May 6, 2026 6:53:53 pm","Complete","English","1778118777_69fbf079c29362.81502286","","It works in the latest releases of all major browsers.","It works with assistive technologies (e.g. screen-readers, voice control, keyboard control, etc).","","It was available in major browsers a year ago.","","",""
"115","May 6, 2026 7:15:32 pm","May 6, 2026 7:15:32 pm","Complete","English","1778120082_69fbf592256d68.27211569","","It works in the latest releases of all major browsers.","","It works in WebView (Android, iOS).","It was available in major browsers a year ago.","","",""
"116","May 6, 2026 7:43:22 pm","May 6, 2026 7:43:22 pm","Complete","English","1778121782_69fbfc36a7c002.05986813","","It works in the latest releases of all major browsers.","It works with assistive technologies (e.g. screen-readers, voice control, keyboard control, etc).","It works in WebView (Android, iOS).","It was available in major browsers a year ago.","","",""
"117","May 6, 2026 7:58:46 pm","May 6, 2026 7:58:46 pm","Complete","English","1778122661_69fbffa5a71811.71911883","","It works in the latest releases of all major browsers.","","It works in WebView (Android, iOS).","It was available in major browsers a year ago.","","",""
"118","May 6, 2026 11:04:29 pm","May 6, 2026 11:04:29 pm","Complete","English","1778133840_69fc2b50d4fbe4.78537486","","","","","It was available in major browsers a year ago.","","",""
"119","May 6, 2026 11:50:20 pm","May 6, 2026 11:50:20 pm","Complete","English","1778136471_69fc3597346069.38264058","","","","","","None of the above.","I don't know what Baseline is.","I know Baseline, but I'm not sure what ""Widely Available"" means."
"120","May 7, 2026 1:12:57 am","May 7, 2026 1:12:57 am","Complete","English","1778141531_69fc495bdc9305.65089649","","It works in the latest releases of all major browsers.","","","It was available in major browsers a year ago.","","",""
"121","May 7, 2026 1:45:54 am","May 7, 2026 1:45:54 am","Complete","English","1778143522_69fc51229a9b58.65236670","","It works in the latest releases of all major browsers.","","","","","",""
"122","May 7, 2026 3:11:30 am","May 7, 2026 3:11:30 am","Complete","English","1778148663_69fc6537467730.19808986","","It works in the latest releases of all major browsers.","","","","","",""
"123","May 7, 2026 4:54:30 am","May 7, 2026 4:54:30 am","Complete","English","1778154852_69fc7d64050a67.15724571","","It works in the latest releases of all major browsers.","","","","","",""
"124","May 7, 2026 5:22:05 am","May 7, 2026 5:22:05 am","Complete","English","1778156494_69fc83ce4576f9.08254268","","It works in the latest releases of all major browsers.","","","It was available in major browsers a year ago.","","",""
"125","May 7, 2026 5:49:14 am","May 7, 2026 5:49:14 am","Complete","English","1778158107_69fc8a1b239bd0.40099363","","","","","","","I don't know what Baseline is.",""
"126","May 7, 2026 6:28:50 am","May 7, 2026 6:28:50 am","Complete","English","1778160474_69fc935abb3583.01478287","","It works in the latest releases of all major browsers.","It works with assistive technologies (e.g. screen-readers, voice control, keyboard control, etc).","It works in WebView (Android, iOS).","It was available in major browsers a year ago.","","",""
"127","May 7, 2026 6:32:27 am","May 7, 2026 6:32:27 am","Complete","English","1778160736_69fc94607b2d61.00673566","","It works in the latest releases of all major browsers.","","","","","",""
"128","May 7, 2026 7:05:51 am","May 7, 2026 7:05:51 am","Complete","English","1778162698_69fc9c0af411f9.24545725","","It works in the latest releases of all major browsers.","","It works in WebView (Android, iOS).","","","",""
"129","May 7, 2026 7:13:22 am","May 7, 2026 7:13:22 am","Complete","English","1778163172_69fc9de42547e1.36360374","","It works in the latest releases of all major browsers.","","","It was available in major browsers a year ago.","","",""
"130","May 7, 2026 8:24:04 am","May 7, 2026 8:24:04 am","Complete","English","1778167432_69fcae88656875.38155021","","","","","","","I don't know what Baseline is.",""
"131","May 7, 2026 9:09:37 am","May 7, 2026 9:09:37 am","Complete","English","1778170155_69fcb92b7a2e98.30785198","","It works in the latest releases of all major browsers.","It works with assistive technologies (e.g. screen-readers, voice control, keyboard control, etc).","It works in WebView (Android, iOS).","","","",""
"132","May 7, 2026 9:25:51 am","May 7, 2026 9:25:51 am","Complete","English","1778171125_69fcbcf5b50cc8.71667447","","","","","","","I don't know what Baseline is.",""
"133","May 7, 2026 9:45:43 am","May 7, 2026 9:45:43 am","Complete","English","1778172313_69fcc19951d2d2.24295567","","It works in the latest releases of all major browsers.","","","","","",""
"134","May 7, 2026 10:40:14 am","May 7, 2026 10:40:14 am","Complete","English","1778175588_69fcce648db070.84885401","","It works in the latest releases of all major browsers.","It works with assistive technologies (e.g. screen-readers, voice control, keyboard control, etc).","It works in WebView (Android, iOS).","","","",""
"135","May 7, 2026 10:58:04 am","May 7, 2026 10:58:04 am","Complete","English","1778176661_69fcd29543abd3.92042319","","It works in the latest releases of all major browsers.","It works with assistive technologies (e.g. screen-readers, voice control, keyboard control, etc).","It works in WebView (Android, iOS).","It was available in major browsers a year ago.","","",""
"136","May 7, 2026 11:09:40 am","May 7, 2026 11:09:40 am","Complete","English","1778177370_69fcd55a6bb116.16725384","","It works in the latest releases of all major browsers.","It works with assistive technologies (e.g. screen-readers, voice control, keyboard control, etc).","It works in WebView (Android, iOS).","It was available in major browsers a year ago.","None of the above.","I don't know what Baseline is.","I know Baseline, but I'm not sure what ""Widely Available"" means."
"137","May 7, 2026 11:37:19 am","May 7, 2026 11:37:19 am","Complete","English","1778179012_69fcdbc410fd11.82122797","","It works in the latest releases of all major browsers.","","It works in WebView (Android, iOS).","It was available in major browsers a year ago.","","",""
"138","May 7, 2026 2:19:38 pm","May 7, 2026 2:19:38 pm","Complete","English","1778188726_69fd01b63b8d69.93361610","","","","","","","I don't know what Baseline is.",""
"139","May 7, 2026 2:49:34 pm","May 7, 2026 2:49:34 pm","Complete","English","1778190543_69fd08cfc9df30.79705432","","It works in the latest releases of all major browsers.","","","It was available in major browsers a year ago.","","",""
"140","May 7, 2026 4:58:57 pm","May 7, 2026 4:58:57 pm","Complete","English","1778198315_69fd272ba5e976.28490102","","It works in the latest releases of all major browsers.","","","It was available in major browsers a year ago.","","",""
"141","May 7, 2026 5:29:06 pm","May 7, 2026 5:29:06 pm","Complete","English","1778200111_69fd2e2fc1dea3.46591771","","It works in the latest releases of all major browsers.","It works with assistive technologies (e.g. screen-readers, voice control, keyboard control, etc).","It works in WebView (Android, iOS).","It was available in major browsers a year ago.","","",""
"142","May 7, 2026 6:03:54 pm","May 7, 2026 6:03:54 pm","Complete","English","1778202220_69fd366cd57468.10952426","","It works in the latest releases of all major browsers.","It works with assistive technologies (e.g. screen-readers, voice control, keyboard control, etc).","It works in WebView (Android, iOS).","It was available in major browsers a year ago.","","",""
"143","May 7, 2026 6:11:46 pm","May 7, 2026 6:11:46 pm","Complete","English","1778202655_69fd381f23e0d3.38563529","","It works in the latest releases of all major browsers.","","It works in WebView (Android, iOS).","It was available in major browsers a year ago.","","","I know Baseline, but I'm not sure what ""Widely Available"" means."
"144","May 7, 2026 6:34:28 pm","May 7, 2026 6:34:28 pm","Complete","English","1778204039_69fd3d879479a6.73196451","","It works in the latest releases of all major browsers.","","It works in WebView (Android, iOS).","It was available in major browsers a year ago.","","",""
"145","May 8, 2026 4:04:41 am","May 8, 2026 4:04:41 am","Complete","English","1778238250_69fdc32abc3141.40954333","","It works in the latest releases of all major browsers.","","It works in WebView (Android, iOS).","It was available in major browsers a year ago.","","",""
"146","May 8, 2026 6:35:41 am","May 8, 2026 6:35:41 am","Complete","English","1778247302_69fde686ddf3e1.84282770","","It works in the latest releases of all major browsers.","","It works in WebView (Android, iOS).","It was available in major browsers a year ago.","","",""
"147","May 8, 2026 6:36:17 am","May 8, 2026 6:36:17 am","Complete","English","1778247350_69fde6b6783d27.26435679","","","","","It was available in major browsers a year ago.","","",""
"148","May 8, 2026 7:03:52 am","May 8, 2026 7:03:52 am","Complete","English","1778249019_69fded3b14e6c2.80083994","","","","","","None of the above.","",""
"149","May 8, 2026 8:43:40 am","May 8, 2026 8:43:40 am","Complete","English","1778255006_69fe049eb672c7.37294544","","","","","It was available in major browsers a year ago.","","",""
"150","May 8, 2026 12:50:49 am","May 8, 2026 12:50:49 am","Complete","English","1778226621_69fd95bda41375.48789517","","","","","","","I don't know what Baseline is.",""
"151","May 7, 2026 11:11:55 pm","May 7, 2026 11:11:55 pm","Complete","English","1778220651_69fd7e6bda1810.35900850","","It works in the latest releases of all major browsers.","","","It was available in major browsers a year ago.","","","I know Baseline, but I'm not sure what ""Widely Available"" means."
"152","May 7, 2026 11:44:01 pm","May 7, 2026 11:44:01 pm","Complete","English","1778222599_69fd8607d87dc4.95466607","","It works in the latest releases of all major browsers.","","","It was available in major browsers a year ago.","","",""
"153","May 7, 2026 11:53:56 pm","May 7, 2026 11:53:56 pm","Complete","English","1778223204_69fd88641254b0.33674367","","It works in the latest releases of all major browsers.","","It works in WebView (Android, iOS).","It was available in major browsers a year ago.","","",""
"154","May 8, 2026 1:02:43 am","May 8, 2026 1:02:43 am","Complete","English","1778227292_69fd985c81ff29.08466294","","It works in the latest releases of all major browsers.","","","","","",""
"155","May 7, 2026 9:06:58 pm","May 7, 2026 9:06:58 pm","Complete","English","1778213212_69fd615ce97114.03482113","","It works in the latest releases of all major browsers.","","","","","",""
"156","May 7, 2026 9:28:49 pm","May 7, 2026 9:28:49 pm","Complete","English","1778214430_69fd661eafe367.78698437","","It works in the latest releases of all major browsers.","","It works in WebView (Android, iOS).","It was available in major browsers a year ago.","","",""
"157","May 7, 2026 10:54:34 pm","May 7, 2026 10:54:34 pm","Complete","English","1778219629_69fd7a6d686331.39080855","","It works in the latest releases of all major browsers.","","It works in WebView (Android, iOS).","It was available in major browsers a year ago.","","",""
"158","May 7, 2026 7:49:45 pm","May 7, 2026 7:49:45 pm","Complete","English","1778208554_69fd4f2a174f30.15915106","","It works in the latest releases of all major browsers.","","","It was available in major browsers a year ago.","","",""
"159","May 7, 2026 11:21:08 pm","May 7, 2026 11:21:08 pm","Complete","English","1778221257_69fd80c90c3594.25280739","","It works in the latest releases of all major browsers.","","","It was available in major browsers a year ago.","","",""
"160","May 8, 2026 1:47:20 am","May 8, 2026 1:47:20 am","Complete","English","1778229997_69fda2edf11564.77912492","","","","","","None of the above.","I don't know what Baseline is.","I know Baseline, but I'm not sure what ""Widely Available"" means."
"161","May 8, 2026 9:39:34 am","May 8, 2026 9:39:34 am","Complete","English","1778258350_69fe11ae796d80.97040901","","","It works with assistive technologies (e.g. screen-readers, voice control, keyboard control, etc).","","","","",""
"162","May 8, 2026 12:05:47 am","May 8, 2026 12:05:47 am","Complete","English","1778223945_69fd8b49685f57.36501983","","","","","","","",""
"163","May 8, 2026 3:07:35 am","May 8, 2026 3:07:35 am","Complete","English","1778234838_69fdb5d629e898.02288512","","It works in the latest releases of all major browsers.","","It works in WebView (Android, iOS).","It was available in major browsers a year ago.","","",""
"164","May 8, 2026 10:09:39 am","May 8, 2026 10:09:39 am","Complete","English","1778260138_69fe18aad1c954.38972177","","It works in the latest releases of all major browsers.","","It works in WebView (Android, iOS).","","","",""
"165","May 8, 2026 10:11:57 am","May 8, 2026 10:11:57 am","Complete","English","1778260294_69fe1946b55164.45632194","","It works in the latest releases of all major browsers.","It works with assistive technologies (e.g. screen-readers, voice control, keyboard control, etc).","It works in WebView (Android, iOS).","","","","I know Baseline, but I'm not sure what ""Widely Available"" means."
"166","May 8, 2026 11:06:35 am","May 8, 2026 11:06:35 am","Complete","English","1778263558_69fe26062234f6.32262901","","It works in the latest releases of all major browsers.","","","","","",""
"167","May 8, 2026 2:29:28 pm","May 8, 2026 2:29:28 pm","Complete","English","1778275717_69fe55850add59.41485084","","It works in the latest releases of all major browsers.","","It works in WebView (Android, iOS).","It was available in major browsers a year ago.","","",""
"168","May 8, 2026 3:07:08 pm","May 8, 2026 3:07:08 pm","Complete","English","1778278012_69fe5e7c007b11.95713085","","It works in the latest releases of all major browsers.","","It works in WebView (Android, iOS).","","","",""
"169","May 8, 2026 4:27:44 pm","May 8, 2026 4:27:44 pm","Complete","English","1778282805_69fe71351f47e6.52474310","","It works in the latest releases of all major browsers.","","It works in WebView (Android, iOS).","It was available in major browsers a year ago.","","",""
"170","May 8, 2026 4:46:33 pm","May 8, 2026 4:46:33 pm","Complete","English","1778283901_69fe757d5ee733.38204857","","","","","","None of the above.","",""
"171","May 8, 2026 5:00:41 pm","May 8, 2026 5:00:41 pm","Complete","English","1778284808_69fe7908f22db2.73237991","","","","","It was available in major browsers a year ago.","","",""
"172","May 8, 2026 5:03:55 pm","May 8, 2026 5:03:55 pm","Complete","English","1778285000_69fe79c8f3be80.59223633","","It works in the latest releases of all major browsers.","","It works in WebView (Android, iOS).","It was available in major browsers a year ago.","","",""
"173","May 8, 2026 5:40:40 pm","May 8, 2026 5:40:40 pm","Complete","English","1778287225_69fe8279025731.29700916","","It works in the latest releases of all major browsers.","It works with assistive technologies (e.g. screen-readers, voice control, keyboard control, etc).","It works in WebView (Android, iOS).","It was available in major browsers a year ago.","None of the above.","I don't know what Baseline is.","I know Baseline, but I'm not sure what ""Widely Available"" means."
"174","May 8, 2026 11:21:54 pm","May 8, 2026 11:21:54 pm","Complete","English","1778307676_69fed25c646a60.62030989","","It works in the latest releases of all major browsers.","","","","","",""
"175","May 9, 2026 12:51:11 am","May 9, 2026 12:51:11 am","Complete","English","1778313046_69fee7565958a9.66011164","","It works in the latest releases of all major browsers.","","","","","",""
"176","May 9, 2026 1:16:11 am","May 9, 2026 1:16:11 am","Complete","English","1778314466_69feece229b0a1.25495395","","It works in the latest releases of all major browsers.","It works with assistive technologies (e.g. screen-readers, voice control, keyboard control, etc).","","","","",""
"177","May 9, 2026 1:41:51 am","May 9, 2026 1:41:51 am","Complete","English","1778316109_69fef34dc619d9.53568909","","","","","","","",""
"178","May 9, 2026 2:28:49 am","May 9, 2026 2:28:49 am","Complete","English","1778318908_69fefe3c84ad91.85387720","","It works in the latest releases of all major browsers.","","","","","",""
"179","May 9, 2026 2:37:30 am","May 9, 2026 2:37:30 am","Complete","English","1778319398_69ff00266067f1.63806518","","","","","It was available in major browsers a year ago.","","",""
"180","May 9, 2026 3:33:21 am","May 9, 2026 3:33:21 am","Complete","English","1778322753_69ff0d41f36ae7.93422970","","It works in the latest releases of all major browsers.","","","","","",""
"181","May 9, 2026 4:43:21 am","May 9, 2026 4:43:21 am","Complete","English","1778326975_69ff1dbf18c089.93381490","","","It works with assistive technologies (e.g. screen-readers, voice control, keyboard control, etc).","","","","",""
"182","May 9, 2026 5:20:02 am","May 9, 2026 5:20:02 am","Complete","English","1778329199_69ff266f458b90.68586723","","","","","","","",""
"183","May 9, 2026 6:33:50 am","May 9, 2026 6:33:50 am","Complete","English","1778333477_69ff37254459e5.59441769","","It works in the latest releases of all major browsers.","","","It was available in major browsers a year ago.","","",""
"184","May 9, 2026 6:49:50 am","May 9, 2026 6:49:50 am","Complete","English","1778334588_69ff3b7c8701d1.85996545","","It works in the latest releases of all major browsers.","","","","","",""
"185","May 9, 2026 7:43:44 am","May 9, 2026 7:43:44 am","Complete","English","1778337755_69ff47dbe012c5.18680357","","It works in the latest releases of all major browsers.","","It works in WebView (Android, iOS).","","","",""
"186","May 9, 2026 7:52:30 am","May 9, 2026 7:52:30 am","Complete","English","1778338217_69ff49a9937d02.14418615","","It works in the latest releases of all major browsers.","","","It was available in major browsers a year ago.","","",""
"187","May 9, 2026 9:02:04 am","May 9, 2026 9:02:05 am","Complete","English","1778342421_69ff5a1523b134.48275453","","It works in the latest releases of all major browsers.","","It works in WebView (Android, iOS).","It was available in major browsers a year ago.","","",""
"188","May 9, 2026 9:40:43 am","May 9, 2026 9:40:43 am","Complete","English","1778344840_69ff6388739470.26596007","","","","","","","",""
"189","May 9, 2026 9:58:16 am","May 9, 2026 9:58:16 am","Complete","English","1778345878_69ff6796e0aac1.25578448","","It works in the latest releases of all major browsers.","","","","","I don't know what Baseline is.",""
"190","May 9, 2026 11:02:21 am","May 9, 2026 11:02:21 am","Complete","English","1778349652_69ff76542633d7.62771493","","It works in the latest releases of all major browsers.","","It works in WebView (Android, iOS).","It was available in major browsers a year ago.","","",""
"191","May 9, 2026 12:36:51 pm","May 9, 2026 12:36:51 pm","Complete","English","1778355378_69ff8cb2f23e17.14020625","","It works in the latest releases of all major browsers.","It works with assistive technologies (e.g. screen-readers, voice control, keyboard control, etc).","It works in WebView (Android, iOS).","","","",""
"192","May 9, 2026 1:56:47 pm","May 9, 2026 1:56:47 pm","Complete","English","1778360195_69ff9f838babf7.77168611","","It works in the latest releases of all major browsers.","It works with assistive technologies (e.g. screen-readers, voice control, keyboard control, etc).","It works in WebView (Android, iOS).","It was available in major browsers a year ago.","None of the above.","I don't know what Baseline is.","I know Baseline, but I'm not sure what ""Widely Available"" means."
"193","May 9, 2026 2:47:38 pm","May 9, 2026 2:47:38 pm","Complete","English","1778363199_69ffab3ff2e5b9.10130123","","It works in the latest releases of all major browsers.","It works with assistive technologies (e.g. screen-readers, voice control, keyboard control, etc).","It works in WebView (Android, iOS).","It was available in major browsers a year ago.","","I don't know what Baseline is.",""
"194","May 9, 2026 3:47:14 pm","May 9, 2026 3:47:14 pm","Complete","English","1778366795_69ffb94bd087e8.62023717","","It works in the latest releases of all major browsers.","","","It was available in major browsers a year ago.","","",""
"195","May 9, 2026 5:53:30 pm","May 9, 2026 5:53:30 pm","Complete","English","1778374276_69ffd6841c67f5.29439315","","It works in the latest releases of all major browsers.","","","It was available in major browsers a year ago.","","",""
"196","May 9, 2026 6:19:54 pm","May 9, 2026 6:19:54 pm","Complete","English","1778375961_69ffdd192b4c70.30201995","","It works in the latest releases of all major browsers.","","It works in WebView (Android, iOS).","It was available in major browsers a year ago.","","",""
"197","May 9, 2026 9:18:51 pm","May 9, 2026 9:18:51 pm","Complete","English","1778386713_6a000719556851.47325556","","It works in the latest releases of all major browsers.","","It works in WebView (Android, iOS).","It was available in major browsers a year ago.","","",""
"198","May 10, 2026 1:59:24 am","May 10, 2026 1:59:24 am","Complete","English","1778403546_6a0048da0fdd66.27268913","","It works in the latest releases of all major browsers.","","","It was available in major browsers a year ago.","","",""
"199","May 10, 2026 2:19:33 am","May 10, 2026 2:19:33 am","Complete","English","1778404740_6a004d84247d35.72617993","","It works in the latest releases of all major browsers.","","","","","",""
"200","May 10, 2026 2:54:03 am","May 10, 2026 2:54:03 am","Complete","English","1778406784_6a005580e8d3f1.33343323","","","","","","","I don't know what Baseline is.",""
"201","May 10, 2026 3:25:37 am","May 10, 2026 3:25:37 am","Complete","English","1778408707_6a005d03303ad1.89325716","","It works in the latest releases of all major browsers.","It works with assistive technologies (e.g. screen-readers, voice control, keyboard control, etc).","It works in WebView (Android, iOS).","It was available in major browsers a year ago.","","",""
"202","May 10, 2026 5:53:14 am","May 10, 2026 5:53:14 am","Complete","English","1778417552_6a007f9083d505.21866285","","It works in the latest releases of all major browsers.","","","It was available in major browsers a year ago.","","I don't know what Baseline is.",""
"203","May 10, 2026 5:57:08 am","May 10, 2026 5:57:08 am","Complete","English","1778417757_6a00805d868826.18988650","","It works in the latest releases of all major browsers.","It works with assistive technologies (e.g. screen-readers, voice control, keyboard control, etc).","","It was available in major browsers a year ago.","","",""
"204","May 10, 2026 7:02:00 am","May 10, 2026 7:02:00 am","Complete","English","1778421667_6a008fa338f9e7.34762610","","It works in the latest releases of all major browsers.","It works with assistive technologies (e.g. screen-readers, voice control, keyboard control, etc).","It works in WebView (Android, iOS).","It was available in major browsers a year ago.","","",""
"205","May 10, 2026 7:53:16 am","May 10, 2026 7:53:16 am","Complete","English","1778424761_6a009bb9a84b30.18537776","","It works in the latest releases of all major browsers.","","","","","",""
"206","May 10, 2026 8:13:46 am","May 10, 2026 8:13:46 am","Complete","English","1778425967_6a00a06fda1762.72915033","","It works in the latest releases of all major browsers.","It works with assistive technologies (e.g. screen-readers, voice control, keyboard control, etc).","It works in WebView (Android, iOS).","","","","I know Baseline, but I'm not sure what ""Widely Available"" means."
"207","May 10, 2026 8:42:39 am","May 10, 2026 8:42:39 am","Complete","English","1778427725_6a00a74d7ca996.40151103","","It works in the latest releases of all major browsers.","It works with assistive technologies (e.g. screen-readers, voice control, keyboard control, etc).","It works in WebView (Android, iOS).","","","",""
"208","May 10, 2026 9:48:39 am","May 10, 2026 9:48:39 am","Complete","English","1778431684_6a00b6c4018a20.45226828","","It works in the latest releases of all major browsers.","","","","","",""
"209","May 10, 2026 10:29:51 am","May 10, 2026 10:29:51 am","Complete","English","1778434158_6a00c06e900643.54219080","","","","","","","",""
"210","May 10, 2026 11:49:56 am","May 10, 2026 11:49:56 am","Complete","English","1778438960_6a00d330b798e6.27834540","","It works in the latest releases of all major browsers.","","It works in WebView (Android, iOS).","It was available in major browsers a year ago.","","",""
"211","May 10, 2026 1:06:40 pm","May 10, 2026 1:06:40 pm","Complete","English","1778443588_6a00e544d0b7a6.14041162","","","It works with assistive technologies (e.g. screen-readers, voice control, keyboard control, etc).","It works in WebView (Android, iOS).","It was available in major browsers a year ago.","None of the above.","I don't know what Baseline is.","I know Baseline, but I'm not sure what ""Widely Available"" means."
"212","May 10, 2026 2:35:37 pm","May 10, 2026 2:35:37 pm","Complete","English","1778448905_6a00fa09bf9367.47187764","","It works in the latest releases of all major browsers.","","It works in WebView (Android, iOS).","It was available in major browsers a year ago.","","",""
